{"exact": 88.60439652994188, "f1": 91.05163630500833, "total": 11873, "HasAns_exact": 85.03711201079622, "HasAns_f1": 89.93860962371225, "HasAns_total": 5928, "NoAns_exact": 92.16148023549201, "NoAns_f1": 92.16148023549201, "NoAns_total": 5945, "best_exact": 88.75600101069654, "best_exact_thresh": -3.46958589553833, "best_f1": 91.14520086234593, "best_f1_thresh": -3.46958589553833}