{"exact": 88.13273814537185, "f1": 90.78690343668134, "total": 11873, "HasAns_exact": 84.04183535762483, "HasAns_f1": 89.3577774129079, "HasAns_total": 5928, "NoAns_exact": 92.21194280908327, "NoAns_f1": 92.21194280908327, "NoAns_total": 5945, "best_exact": 88.14116061652489, "best_exact_thresh": -2.747246026992798, "best_f1": 90.79532590783381, "best_f1_thresh": -2.747246026992798}