{"exact": 88.58755158763582, "f1": 90.94612776733521, "total": 11873, "HasAns_exact": 83.55263157894737, "HasAns_f1": 88.2765477364325, "HasAns_total": 5928, "NoAns_exact": 93.6080740117746, "NoAns_f1": 93.6080740117746, "NoAns_total": 5945, "best_exact": 88.62124147224796, "best_exact_thresh": -2.7086570262908936, "best_f1": 90.98827054910407, "best_f1_thresh": -2.494013786315918}