{"exact": 88.0990482607597, "f1": 90.64287405672567, "total": 11873, "HasAns_exact": 83.63697705802969, "HasAns_f1": 88.73192369694752, "HasAns_total": 5928, "NoAns_exact": 92.54835996635829, "NoAns_f1": 92.54835996635829, "NoAns_total": 5945, "best_exact": 88.15800555883096, "best_exact_thresh": -2.91037654876709, "best_f1": 90.69948278110937, "best_f1_thresh": -2.91037654876709}