{"exact": 88.27592015497346, "f1": 90.73037460171612, "total": 11873, "HasAns_exact": 84.86842105263158, "HasAns_f1": 89.78436869874784, "HasAns_total": 5928, "NoAns_exact": 91.67367535744323, "NoAns_f1": 91.67367535744323, "NoAns_total": 5945, "best_exact": 88.37698980880991, "best_exact_thresh": -3.3324012756347656, "best_f1": 90.80573232278194, "best_f1_thresh": -3.331266164779663}