{"exact": 88.34329992419777, "f1": 90.93354848069133, "total": 11873, "HasAns_exact": 83.0634278002699, "HasAns_f1": 88.25135308894208, "HasAns_total": 5928, "NoAns_exact": 93.6080740117746, "NoAns_f1": 93.6080740117746, "NoAns_total": 5945, "best_exact": 88.42752463572812, "best_exact_thresh": 7.145143985748291, "best_f1": 91.04051077918027, "best_f1_thresh": 7.145143985748291}