{"exact": 88.40225722226901, "f1": 90.81061180277365, "total": 11873, "HasAns_exact": 83.26585695006747, "HasAns_f1": 88.08947266098741, "HasAns_total": 5928, "NoAns_exact": 93.52396972245585, "NoAns_f1": 93.52396972245585, "NoAns_total": 5945, "best_exact": 88.51174934725849, "best_exact_thresh": 7.602053165435791, "best_f1": 90.93500522287975, "best_f1_thresh": 8.354144096374512}