{"exact": 86.7514528762739, "f1": 89.53805115735192, "total": 11873, "HasAns_exact": 84.63225371120107, "HasAns_f1": 90.21344153023641, "HasAns_total": 5928, "NoAns_exact": 88.86459209419681, "NoAns_f1": 88.86459209419681, "NoAns_total": 5945, "best_exact": 87.32418091468037, "best_exact_thresh": -7.208063125610352, "best_f1": 90.05893420666051, "best_f1_thresh": -6.666104793548584}