{"exact": 88.11589320306578, "f1": 90.62272171218184, "total": 11873, "HasAns_exact": 82.43927125506073, "HasAns_f1": 87.46011722144667, "HasAns_total": 5928, "NoAns_exact": 93.77628259041211, "NoAns_f1": 93.77628259041211, "NoAns_total": 5945, "best_exact": 88.30961003958562, "best_exact_thresh": 8.354144096374512, "best_f1": 90.84374459470524, "best_f1_thresh": 8.354144096374512}